review_id,rating,content,created_at
19644317,5,"Cực kỳ hài lòng
Sản phẩm có chất lượng đúng như mô tả, đóng gói chắc chắn, rất đáng tiền, giao hàng nhanh. 
P/s: Không có thời gian chụp hình nên mình lấy đỡ hình trên mạng up",2023-11-13 04:41:43
19883173,3,"Nội dung sách cũng được nhưng điều làm mình thấy khó cảm cuốn sách này nhất là ở phần trình bày. 
- Phần dịch thuật còn mang rất đậm nét “dịch thuật”. Nhiều đoạn đọc lên là biết ngay đây là sách dịch, đôi khi khá mơ hồ và tối nghĩa. Nhiều câu phải đọc đi đọc lại mấy lần mới hiểu.
- Lỗi trình bày, typo. Mình phát hiện có ít nhất 3 lỗi.",2024-05-26 03:58:36
19852676,2,"Cuốn sách đơn giản chỉ là nêu ra khái niệm và cách nhận diện các kỹ năng điều hành chứ ko đưa ra cách cụ thể để cải thiện từng kỹ năng. Nội dung lặp nhiều.
2 sao cho nội dung sách thôi chứ dịch vụ của Tiki vẫn luôn 5 sao nha",2024-04-24 02:22:35
19722879,4,"Giao hàng đúng hẹn cơ mà phần bìa cuốn sách bụi đen bám đầy, hình này là chụp sau khi mình đã lau sạch rồi. Nội dung thì chưa đọc nên chưa biết…",2024-01-12 05:48:10
19771760,2,"Nội dung thì chưa kịp đọc vì mình mua 4 quyển khác nhau, nhưng cảm quan mở hộp, kiểm tra sách đã thực sự k hài lòng. Sách bị nhăn, gấp.",2024-02-17 15:24:40
19902383,1,"Nội dung sách hay nhưng bản dịch quá tệ, đọc cuốn sách không khác gì đọc bản dịch từ Google, dịch lũng cũng khó hiểu, đọc cuốn này phải kèm theo bản tiếng Anh nữa",2024-06-15 03:31:30
19921023,5,"sách đẹp, nội dung rất chi tiết, không nhàm chán",2024-07-07 10:50:50
19885714,4,"Nội dung bổ ích trang bị cho chúng ta một nguyên tắc kỷ luật bản thân có kế hoạch, chương trình cụ thể!",2024-05-29 02:07:25
19453262,5,"Sách đẹp, hay, giao nhanh",2023-08-12 08:17:01
19836272,5,"Vânh chuyển cực nhanh, sách mới, nhưng đúng là keo gáy sách k dc chắc chắn cho lắm",2024-04-08 13:56:00
20009988,1,"nội dung sách không hay, không hấp dẫn và không đem lại giá trị tốt",2024-10-19 05:53:23
19374020,5,"Sách phù hợp cho những ai muốn nâng cấp bản thân, hoàn thiện các kỹ năng còn yếu.",2023-07-12 16:08:28
19666676,3,Viết như đang google dịch vậy. Khá cứng nhắc. Không thực tế. Công đợi để được đọc thử thì thấy không như kì vọng,2023-11-29 10:48:16
19917281,4,đóng gói ko kĩ nên bị móp sách,2024-07-03 06:59:48
19824649,5,"Sách đẹp, giao hàng nhanh và đóng gói cẩn thận.",2024-03-29 11:47:14
20079962,4,,2025-02-11 18:36:43
20071085,5,,2025-01-22 11:33:31
20068482,5,,2025-01-18 03:02:18
20065285,5,,2025-01-13 03:27:13
20062375,5,,2025-01-08 02:37:42
20056640,5,,2024-12-27 15:12:15
20051105,5,,2024-12-18 01:08:43
19850360,5,Ko cần phải bàn,2024-04-22 01:13:08
18466611,5,Very good,2022-12-20 13:33:46
20024360,5,,2024-11-05 11:08:56
20017212,5,,2024-10-27 05:00:12
18636004,5,"Rất xịn sò, mờ hộp nhìn rất mê, lại có 01 lưỡi dự phòng, túi đựng… Đã cạo thử và rất OK.
Tặng shop 05 sao.
Rất đáng mua nhé cả nhà.",2023-01-14 03:22:07
20013773,5,,2024-10-23 08:25:04
20009768,5,,2024-10-18 18:01:12
20003454,4,,2024-10-12 01:30:09
19741639,5,"Sách đóng gói cẩn thận, giao hàng nhanh, cảm ơn shop nhé.",2024-01-23 12:39:30
19996408,5,,2024-10-03 19:08:34
19990069,5,,2024-09-26 05:20:25
19989103,5,,2024-09-25 03:21:04
19856580,3,"Nói dung, bạn in ko cần lễ chuẩn",2024-04-28 03:06:19
19615240,5,"Sách hay, rất thực tế, dễ áp dụng!",2023-10-27 14:51:33
19987924,5,,2024-09-23 14:28:48
19984588,5,,2024-09-19 12:48:38
19804165,5,Ok nhen,2024-03-13 05:31:54
19976649,5,,2024-09-10 17:13:15
19745253,5,Rất hài lòng,2024-01-25 14:08:28
19829239,2,"Cuốn sách cắt bị xéo, khó coi …",2024-04-02 11:41:12
19585589,5,Rất là hài lòng khi mua sách bên tiki,2023-10-12 12:00:03
19965919,5,,2024-08-28 08:13:56
19965654,5,,2024-08-28 02:58:40
19963920,5,,2024-08-26 04:12:45
19955394,5,,2024-08-15 10:36:46
19203785,5,"Giấy tốt, nội dung khá",2023-05-17 09:24:31
19911469,5,Ok,2024-06-26 02:09:28
18187296,4,"Sách chỉ đọc để giải trí thôi, người để tác giả truyền đạt rất mơ hồ, mình cảm thấy không giúp quá nhiều cho bản thân.",2022-11-12 07:31:23
19450051,5,sách ok giao hàng nhanh đóng gói tốt,2023-08-11 04:38:36
19912518,5,,2024-06-27 06:35:13
19826409,4,Ko thật sự bổ ích,2024-03-31 04:28:26
17711543,1,"sách cũ, bị rất nhiều vết rạch",2022-09-16 10:00:52
19904949,5,,2024-06-18 05:34:06
19901400,5,,2024-06-13 16:45:45
19901229,5,,2024-06-13 12:37:17
19673105,5,❤️,2023-12-06 02:07:24
19827118,5,Sách rất đẹp,2024-03-31 15:41:23
19644094,5,như hình,2023-11-13 02:39:03
19878984,5,,2024-05-21 03:28:51
19876743,4,,2024-05-18 12:09:35
19863390,5,,2024-05-05 06:18:49
19856076,5,,2024-04-27 07:12:00
19844364,5,,2024-04-16 04:14:19
19841787,5,,2024-04-13 09:18:10
19841406,5,,2024-04-13 03:56:36
19837766,5,,2024-04-10 01:50:31
19834048,5,,2024-04-06 11:04:20
19833441,5,,2024-04-06 02:01:55
19735937,5,Nên trải nghiệm,2024-01-20 03:54:39
19293620,1,"Sách tệ quá, bung hết trơn",2023-06-14 11:05:03
19604798,4,Nội dung khá ok. Phù hợp với mình,2023-10-22 03:15:14
19817348,5,,2024-03-23 06:31:07
19560166,5,"Nội dung hay, phù hợp với bản thân",2023-09-30 03:54:01
19794819,5,,2024-03-05 13:06:39
18980057,5,Sách đóng gói cẩn thận và giao hàng nhanh,2023-03-19 04:55:03
19787093,5,,2024-02-28 11:04:32
19786427,5,,2024-02-28 03:35:47
19786094,5,,2024-02-27 17:26:08
19785758,5,,2024-02-27 12:35:03
19784660,5,,2024-02-26 16:03:09
19778438,5,,2024-02-22 04:38:03
19772709,4,,2024-02-18 09:09:08
19772606,5,,2024-02-18 08:27:44
19770119,5,,2024-02-16 15:11:19
19764059,5,,2024-02-08 09:21:38
19756565,5,,2024-02-02 04:01:08
19745538,5,,2024-01-25 23:00:37
19733229,5,,2024-01-18 07:06:22
19727536,5,,2024-01-15 01:38:58
17799896,5,"sách hay, đóng gói cẩn thận, giao hàng đúng hẹn, rất hài lòng ♥️",2022-09-26 05:57:41
19002085,5,"Sách hay
Nội dung chi tiết",2023-03-23 18:42:38
19701384,5,,2023-12-29 04:05:45
19698010,5,,2023-12-27 05:46:31
19694079,4,,2023-12-24 15:54:48
19627004,5,sách tốt,2023-11-03 07:23:23
19679311,5,,2023-12-12 02:54:12
19664655,5,,2023-11-27 15:50:05
19612440,4,,2023-10-26 03:52:04
19607221,5,,2023-10-23 07:29:56
19605073,5,,2023-10-22 05:44:14
19596133,5,,2023-10-17 13:29:19
19576114,5,,2023-10-08 05:53:02
19555992,5,,2023-09-27 17:41:34
19164101,2,"Nội dung ko hay, phân tích ko logic",2023-05-06 03:08:17
19553958,4,,2023-09-26 14:18:00
19473232,5,Rất hay,2023-08-20 13:00:02
19544121,5,,2023-09-21 09:58:56
19539846,5,,2023-09-19 08:19:15
19013480,2,Nội dung ko ăn nhập với tựa đề sách,2023-03-26 13:17:26
19537874,5,,2023-09-18 10:23:01
19531851,5,,2023-09-15 11:58:38
19520559,5,,2023-09-10 14:05:22
17405386,5,"Giao hàng nhanh, sách đóng gói kỹ. Nội dung khá hay",2022-08-13 15:33:52
19505891,5,,2023-09-04 13:32:57
19500954,5,,2023-09-01 12:50:37
19498809,5,,2023-08-31 08:35:46
19494618,5,,2023-08-29 10:00:17
17414665,5,"Sách hay, bìa và ruột đều đẹp, giao hàng nhanh",2022-08-14 14:47:36
19489518,4,,2023-08-27 04:10:18
19483502,5,,2023-08-24 10:49:48
19481246,5,,2023-08-23 13:47:56
19479446,5,,2023-08-23 02:29:28
19464417,5,,2023-08-17 02:47:08
19458243,4,,2023-08-14 10:10:28
19451139,5,,2023-08-11 11:23:44
19441343,5,,2023-08-08 02:03:34
19441221,5,,2023-08-08 01:14:10
19441014,5,,2023-08-07 21:58:59
19431153,5,,2023-08-03 17:35:14
19429269,5,,2023-08-03 03:43:39
18800809,5,,2023-02-14 11:19:43
19387512,5,,2023-07-17 15:05:44
19383477,5,,2023-07-16 05:42:19
19380014,4,,2023-07-14 23:21:52
19374139,4,,2023-07-12 18:17:13
19367164,5,,2023-07-10 12:36:28
19365287,5,,2023-07-10 01:48:01
19333405,5,,2023-06-28 09:23:53
19320353,5,,2023-06-23 12:52:24
19200548,5,Sách hay,2023-05-16 10:57:36
19292131,5,,2023-06-14 03:28:14
18485455,5,Ok,2022-12-23 04:08:28
19281917,5,,2023-06-10 15:15:57
19245396,5,ok,2023-05-30 16:03:40
19236105,5,,2023-05-27 14:59:10
19235702,5,,2023-05-27 12:19:20
18874876,5,"giao nhanh, sách đẹp",2023-02-27 08:21:09
19147125,4,Tốt,2023-04-30 13:35:56
19201706,5,,2023-05-16 23:05:04
19147545,5,Hay,2023-04-30 17:50:59
19177737,5,,2023-05-09 16:00:22
19144675,5,,2023-04-29 12:41:58
19143122,5,,2023-04-29 03:16:29
19140353,5,,2023-04-28 04:06:30
19124179,4,,2023-04-23 13:27:18
19121924,5,,2023-04-23 01:35:58
19111146,5,,2023-04-19 23:26:11
17435923,5,"Sách hay chất lượng giấy Okee , giao hàng nhanh sợ luôn",2022-08-16 15:45:30
19086562,5,,2023-04-13 07:54:22
19053686,5,,2023-04-05 02:54:20
19010766,5,,2023-03-26 01:01:42
19007859,5,,2023-03-25 05:27:41
19002734,5,,2023-03-24 02:16:16
18998533,5,,2023-03-23 03:50:08
18992068,5,,2023-03-21 15:36:24
18989382,5,,2023-03-21 05:06:13
18982125,4,,2023-03-19 13:10:37
18971305,5,,2023-03-17 08:06:14
18963406,5,,2023-03-15 16:29:02
18856587,5,Nhanh,2023-02-23 17:45:40
18895473,5,,2023-03-03 05:18:33
18548456,5,giao hàng nhanh,2023-01-01 00:03:36
18870573,5,,2023-02-26 10:50:48
18794793,5,,2023-02-13 11:45:36
18742937,4,,2023-02-05 04:40:14
18709926,5,,2023-01-31 08:33:34
17449636,5,,2022-08-18 04:28:11
18678310,5,,2023-01-25 00:27:07
18656196,4,,2023-01-17 10:34:00
18630269,5,,2023-01-13 05:41:49
18629134,5,,2023-01-13 03:06:55
18622734,5,,2023-01-12 03:27:54
18552325,5,,2023-01-01 15:27:01
18546496,5,,2022-12-31 11:33:24
18444621,5,,2022-12-17 07:36:17
18431389,4,,2022-12-15 13:09:51
17593391,5,"shipper nhanh, thân thiện",2022-09-04 03:01:53
18369185,5,,2022-12-08 00:39:43
18365794,5,,2022-12-07 10:16:15
18333288,5,,2022-12-02 07:47:20
18282523,5,,2022-11-25 04:14:51
18196823,5,,2022-11-13 10:20:42
18100701,4,,2022-11-01 06:18:50
18062523,5,,2022-10-27 09:53:00
18061613,5,,2022-10-27 07:52:06
18030947,5,,2022-10-23 15:45:53
17950569,5,,2022-10-13 12:18:11
17855255,5,,2022-10-02 17:57:41
17841133,5,,2022-10-01 04:03:48
17799976,5,,2022-09-26 06:08:37
17767914,5,,2022-09-22 12:51:38
17611031,4,Ok,2022-09-06 05:00:05
17659545,5,,2022-09-11 04:51:50
17659520,5,,2022-09-11 04:50:02
17637022,5,,2022-09-08 18:04:10
17613475,5,,2022-09-06 09:25:13
17557707,5,,2022-08-30 06:10:39
17555857,5,,2022-08-30 03:16:21
17496796,5,,2022-08-23 03:19:13
17402493,4,,2022-08-13 10:39:41
17378076,5,,2022-08-11 07:21:35
